{
    "original": [
        3.828125,
        3.84375,
        4.09375,
        3.796875,
        3.984375,
        4.15625,
        3.921875,
        4.1875,
        4.0625,
        4.125,
        3.6875,
        3.578125
    ],
    
    "gaussian_noise_low": [
        3.984375,
        3.859375,
        3.859375,
        3.5625,
        3.640625,
        3.796875,
        3.625,
        3.875,
        3.796875,
        3.703125,
        3.328125,
        3.375
    ],
    "contrast_slightly_lower": [
        4.0625,
        3.921875,
        4.15625,
        3.953125,
        4.09375,
        4.125,
        4.21875,
        4.09375,
        4.15625,
        4.25,
        4.0,
        3.734375
    ],
    "contrast_slightly_higher": [
        3.609375,
        3.9375,
        4.09375,
        3.984375,
        4.03125,
        4.09375,
        3.890625,
        4.15625,
        3.9375,
        4.09375,
        3.59375,
        3.5
    ],
    "brightness_slightly_lower": [
        4.0,
        3.890625,
        4.125,
        3.796875,
        4.0,
        3.984375,
        4.15625,
        4.15625,
        4.15625,
        4.1875,
        3.9375,
        3.625
    ],
    "brightness_slightly_higher": [
        3.65625,
        3.890625,
        4.0625,
        3.765625,
        3.921875,
        4.09375,
        3.796875,
        4.09375,
        3.9375,
        4.0625,
        3.59375,
        3.546875
    ],
    "saturation_slightly_lower": [
        3.984375,
        3.84375,
        4.1875,
        3.859375,
        4.0,
        4.25,
        4.0625,
        4.25,
        4.125,
        4.1875,
        3.84375,
        3.65625
    ],
    "saturation_slightly_higher": [
        3.84375,
        3.890625,
        4.03125,
        3.75,
        4.03125,
        4.09375,
        3.828125,
        4.15625,
        4.03125,
        4.0625,
        3.640625,
        3.53125
    ]
}