{
    "original": [
        3.90625,
        3.984375,
        4.1875,
        3.859375,
        4.03125,
        4.1875,
        4.1875,
        4.25,
        4.1875,
        4.09375,
        3.890625,
        3.734375
    ],
    "gaussian_noise_low": [
        4.1875,
        3.890625,
        3.96875,
        3.625,
        3.59375,
        3.796875,
        3.671875,
        3.71875,
        3.875,
        3.84375,
        3.375,
        3.484375
    ],
    "contrast_slightly_lower": [
        4.09375,
        4.03125,
        4.34375,
        3.984375,
        4.15625,
        4.21875,
        4.46875,
        4.25,
        4.28125,
        4.1875,
        4.0625,
        3.84375
    ],
    "contrast_slightly_higher": [
        3.75,
        4.09375,
        4.15625,
        3.984375,
        4.09375,
        4.15625,
        4.0,
        4.21875,
        4.0625,
        4.0625,
        3.75,
        3.640625
    ],
    "brightness_slightly_lower": [
        4.0625,
        4.03125,
        4.25,
        3.859375,
        4.09375,
        4.09375,
        4.40625,
        4.21875,
        4.21875,
        4.1875,
        4.09375,
        3.78125
    ],
    "brightness_slightly_higher": [
        3.859375,
        4.09375,
        4.09375,
        3.84375,
        4.0625,
        4.0625,
        4.0,
        4.21875,
        3.90625,
        3.984375,
        3.703125,
        3.703125
    ],
    "saturation_slightly_lower": [
        3.96875,
        3.96875,
        4.28125,
        3.9375,
        4.125,
        4.25,
        4.28125,
        4.28125,
        4.25,
        4.15625,
        4.03125,
        3.84375
    ],
    "saturation_slightly_higher": [
        3.9375,
        4.03125,
        4.09375,
        3.796875,
        4.03125,
        4.1875,
        4.125,
        4.1875,
        4.125,
        4.0625,
        3.78125,
        3.671875
    ]
}