{
    "original": [
        3.921875,
        3.890625,
        3.953125,
        4.0625,
        4.03125,
        3.75,
        3.8125,
        4.3125,
        4.25,
        4.1875,
        4.15625,
        3.75
    ],
    "gaussian_noise_low": [
        3.9375,
        3.875,
        3.78125,
        3.546875,
        3.796875,
        3.484375,
        3.515625,
        4.25,
        3.890625,
        3.890625,
        3.703125,
        3.40625
    ],
    "contrast_slightly_lower": [
        4.0625,
        4.0,
        3.953125,
        4.15625,
        4.0625,
        3.84375,
        4.09375,
        4.375,
        4.34375,
        4.28125,
        4.28125,
        4.0
    ],
    "contrast_slightly_higher": [
        3.859375,
        3.90625,
        4.09375,
        4.0,
        4.125,
        3.75,
        3.78125,
        4.375,
        4.21875,
        4.03125,
        4.125,
        3.71875
    ],
    "brightness_slightly_lower": [
        4.03125,
        3.96875,
        3.921875,
        4.1875,
        3.921875,
        3.890625,
        3.96875,
        4.3125,
        4.40625,
        4.25,
        4.3125,
        3.796875
    ],
    "brightness_slightly_higher": [
        3.859375,
        3.96875,
        3.96875,
        3.953125,
        4.125,
        3.4375,
        3.78125,
        4.25,
        4.09375,
        3.921875,
        4.15625,
        3.71875
    ],
    "saturation_slightly_lower": [
        4.0625,
        3.78125,
        4.03125,
        4.15625,
        4.0,
        3.84375,
        3.890625,
        4.25,
        4.375,
        4.15625,
        4.21875,
        3.84375
    ],
    "saturation_slightly_higher": [
        3.921875,
        3.9375,
        3.984375,
        3.9375,
        4.09375,
        3.71875,
        3.78125,
        4.375,
        4.1875,
        4.1875,
        4.1875,
        3.703125
    ]
}