{
  "style0_content0": {
    "rmse": 5.186429977416992,
    "cosine": 5.7712860107421875,
    "pearson": 5.372038841247559
  },
  "style1_content0": {
    "rmse": 4.463627815246582,
    "cosine": 3.7754111289978027,
    "pearson": 3.624486207962036
  },
  "style2_content0": {
    "rmse": 4.2155890464782715,
    "cosine": 4.525816440582275,
    "pearson": 4.1462602615356445
  },
  "style3_content0": {
    "rmse": 5.733443737030029,
    "cosine": null,
    "pearson": null
  }
}