{
    "pearson_coeff": [9.68440788e+05, 1.07523075e+07, 6.17456781e+05, 1.19641631e+07, 9.30306402e+01],
    "cos_coeff": [1.12514053e+06, 2.74722936e+07, 1.10756568e+06, 2.12411638e+07, 1.31663136e+02]
}